Cluster0MeanSales,Cluster1MeanSales
61.19203157484407,198.12620843000772
