Cluster0MeanSales,Cluster1MeanSales
204.06357047560667,424.1026148543114
