Cluster0MeanSales,Cluster1MeanSales
19.833785822021117,115.35104562737642
