Cluster0MeanSales,Cluster1MeanSales
61.52784871504768,198.79581841848358
